ProductID;Name;ProductNumber;MakeFlag;FinishedGoodsFlag;Color;SafetyStockLevel;ReorderPoint;StandardCost;ListPrice;Size;SizeUnitMeasureCode;WeightUnitMeasureCode;Weight;DaysToManufacture;ProductLine;Class;Style;ProductSubcategoryID;ProductModelID;SellStartDate;SellEndDate;DiscontinuedDate;ModifiedDate
514;LL Mountain Seat Assembly;SA-M198;True;False;Not Have;500;375;98,77;161,3414;N/A;CM ;LB ;2,9325000000000001;1;M ;L ;U ;;;2008-04-30 00:00:00;;;2014-02-08 10:01:36.827000000
515;ML Mountain Seat Assembly;SA-M237;True;False;Not Have;500;375;108,99;178,0394;N/A;CM ;LB ;2,9325000000000001;1;M ;M ;U ;;;2008-04-30 00:00:00;;;2014-02-08 10:01:36.827000000
516;HL Mountain Seat Assembly;SA-M687;True;False;Not Have;500;375;145,87;238,2732;N/A;CM ;LB ;2,9325000000000001;1;M ;M ;U ;;;2008-04-30 00:00:00;;;2014-02-08 10:01:36.827000000
517;LL Road Seat Assembly;SA-R127;True;False;Not Have;500;375;98,77;161,3414;N/A;CM ;LB ;2,9325000000000001;1;R ;L ;U ;;;2008-04-30 00:00:00;;;2014-02-08 10:01:36.827000000
518;ML Road Seat Assembly;SA-R430;True;False;Not Have;500;375;108,99;178,0394;N/A;CM ;LB ;2,9325000000000001;1;R ;M ;U ;;;2008-04-30 00:00:00;;;2014-02-08 10:01:36.827000000
519;HL Road Seat Assembly;SA-R522;True;False;Not Have;500;375;145,87;238,2732;N/A;CM ;LB ;2,9325000000000001;1;R ;H ;U ;;;2008-04-30 00:00:00;;;2014-02-08 10:01:36.827000000
520;LL Touring Seat Assembly;SA-T467;True;False;Not Have;500;375;98,77;161,3414;N/A;CM ;LB ;2,9325000000000001;1;T ;L ;U ;;;2008-04-30 00:00:00;;;2014-02-08 10:01:36.827000000
521;ML Touring Seat Assembly;SA-T612;True;False;Not Have;500;375;108,99;178,0394;N/A;CM ;LB ;2,9325000000000001;1;T ;M ;U ;;;2008-04-30 00:00:00;;;2014-02-08 10:01:36.827000000
522;HL Touring Seat Assembly;SA-T872;True;False;Not Have;500;375;145,87;238,2732;N/A;CM ;LB ;2,9325000000000001;1;T ;L ;U ;;;2008-04-30 00:00:00;;;2014-02-08 10:01:36.827000000
680;HL Road Frame - Black, 58;FR-R92B-58;True;True;Black;500;375;1059,31;1431,5;58;CM ;LB ;2,2400000000000002;1;R ;H ;U ;14;6;2008-04-30 00:00:00;;;2014-02-08 10:01:36.827000000
706;HL Road Frame - Red, 58;FR-R92R-58;True;True;Red;500;375;1059,31;1431,5;58;CM ;LB ;2,2400000000000002;1;R ;H ;U ;14;6;2008-04-30 00:00:00;;;2014-02-08 10:01:36.827000000
707;Sport-100 Helmet, Red;HL-U509-R;False;True;Not Have;4;3;13,0863;42,3379;N/A;CM ;LB ;2,9325000000000001;0;S ;H ;U ;31;33;2011-05-31 00:00:00;;;2014-02-08 10:01:36.827000000
708;Sport-100 Helmet, Black;HL-U509;False;True;Not Have;4;3;13,0863;42,3379;N/A;CM ;LB ;2,9325000000000001;0;S ;H ;U ;31;33;2011-05-31 00:00:00;;;2014-02-08 10:01:36.827000000
709;Mountain Bike Socks, M;SO-B909-M;False;True;Not Have;4;3;3,3963;11,495;M;CM ;LB ;2,9325000000000001;0;M ;H ;U ;23;18;2011-05-31 00:00:00;2012-05-29 00:00:00;;2014-02-08 10:01:36.827000000
710;Mountain Bike Socks, L;SO-B909-L;False;True;Not Have;4;3;3,3963;11,495;L;CM ;LB ;2,9325000000000001;0;M ;L ;U ;23;18;2011-05-31 00:00:00;2012-05-29 00:00:00;;2014-02-08 10:01:36.827000000
711;Sport-100 Helmet, Blue;HL-U509-B;False;True;Not Have;4;3;13,0863;42,3379;N/A;CM ;LB ;2,9325000000000001;0;S ;L ;U ;31;33;2011-05-31 00:00:00;;;2014-02-08 10:01:36.827000000
712;AWC Logo Cap;CA-1098;False;True;Not Have;4;3;6,9223;10,8779;N/A;CM ;LB ;2,9325000000000001;0;S ;L ;U ;19;2;2011-05-31 00:00:00;;;2014-02-08 10:01:36.827000000
713;Long-Sleeve Logo Jersey, S;LJ-0192-S;False;True;Not Have;4;3;38,4923;60,4879;S;CM ;LB ;2,9325000000000001;0;S ;L ;U ;21;11;2011-05-31 00:00:00;;;2014-02-08 10:01:36.827000000
714;Long-Sleeve Logo Jersey, M;LJ-0192-M;False;True;Not Have;4;3;38,4923;60,4879;M;CM ;LB ;2,9325000000000001;0;S ;M ;U ;21;11;2011-05-31 00:00:00;;;2014-02-08 10:01:36.827000000
715;Long-Sleeve Logo Jersey, L;LJ-0192-L;False;True;Not Have;4;3;38,4923;60,4879;L;CM ;LB ;2,9325000000000001;0;S ;M ;U ;21;11;2011-05-31 00:00:00;;;2014-02-08 10:01:36.827000000
716;Long-Sleeve Logo Jersey, XL;LJ-0192-X;False;True;Not Have;4;3;38,4923;60,4879;XL;CM ;LB ;2,9325000000000001;0;S ;M ;U ;21;11;2011-05-31 00:00:00;;;2014-02-08 10:01:36.827000000
717;HL Road Frame - Red, 62;FR-R92R-62;True;True;Red;500;375;868,6342;1431,5;62;CM ;LB ;2,2999999999999998;1;R ;H ;U ;14;6;2011-05-31 00:00:00;;;2014-02-08 10:01:36.827000000
718;HL Road Frame - Red, 44;FR-R92R-44;True;True;Red;500;375;868,6342;1431,5;44;CM ;LB ;2,1200000000000001;1;R ;H ;U ;14;6;2011-05-31 00:00:00;;;2014-02-08 10:01:36.827000000
719;HL Road Frame - Red, 48;FR-R92R-48;True;True;Red;500;375;868,6342;1431,5;48;CM ;LB ;2,1600000000000001;1;R ;H ;U ;14;6;2011-05-31 00:00:00;;;2014-02-08 10:01:36.827000000
720;HL Road Frame - Red, 52;FR-R92R-52;True;True;Red;500;375;868,6342;1431,5;52;CM ;LB ;2,2000000000000002;1;R ;H ;U ;14;6;2011-05-31 00:00:00;;;2014-02-08 10:01:36.827000000
721;HL Road Frame - Red, 56;FR-R92R-56;True;True;Red;500;375;868,6342;1431,5;56;CM ;LB ;2,2400000000000002;1;R ;H ;U ;14;6;2011-05-31 00:00:00;;;2014-02-08 10:01:36.827000000
722;LL Road Frame - Black, 58;FR-R38B-58;True;True;Black;500;375;204,6251;408,0362;58;CM ;LB ;2,46;1;R ;L ;U ;14;9;2011-05-31 00:00:00;;;2014-02-08 10:01:36.827000000
723;LL Road Frame - Black, 60;FR-R38B-60;True;True;Black;500;375;204,6251;408,0362;60;CM ;LB ;2,48;1;R ;L ;U ;14;9;2011-05-31 00:00:00;;;2014-02-08 10:01:36.827000000
724;LL Road Frame - Black, 62;FR-R38B-62;True;True;Black;500;375;204,6251;408,0362;62;CM ;LB ;2,5;1;R ;L ;U ;14;9;2011-05-31 00:00:00;;;2014-02-08 10:01:36.827000000
725;LL Road Frame - Red, 44;FR-R38R-44;True;True;Red;500;375;187,1571;408,0362;44;CM ;LB ;2,3199999999999998;1;R ;L ;U ;14;9;2011-05-31 00:00:00;2013-05-29 00:00:00;;2014-02-08 10:01:36.827000000
726;LL Road Frame - Red, 48;FR-R38R-48;True;True;Red;500;375;187,1571;408,0362;48;CM ;LB ;2,3599999999999999;1;R ;L ;U ;14;9;2011-05-31 00:00:00;2013-05-29 00:00:00;;2014-02-08 10:01:36.827000000
727;LL Road Frame - Red, 52;FR-R38R-52;True;True;Red;500;375;187,1571;408,0362;52;CM ;LB ;2,3999999999999999;1;R ;L ;U ;14;9;2011-05-31 00:00:00;2013-05-29 00:00:00;;2014-02-08 10:01:36.827000000
728;LL Road Frame - Red, 58;FR-R38R-58;True;True;Red;500;375;187,1571;408,0362;58;CM ;LB ;2,46;1;R ;L ;U ;14;9;2011-05-31 00:00:00;2013-05-29 00:00:00;;2014-02-08 10:01:36.827000000
729;LL Road Frame - Red, 60;FR-R38R-60;True;True;Red;500;375;187,1571;408,0362;60;CM ;LB ;2,48;1;R ;L ;U ;14;9;2011-05-31 00:00:00;2013-05-29 00:00:00;;2014-02-08 10:01:36.827000000
730;LL Road Frame - Red, 62;FR-R38R-62;True;True;Red;500;375;187,1571;408,0362;62;CM ;LB ;2,5;1;R ;L ;U ;14;9;2011-05-31 00:00:00;2013-05-29 00:00:00;;2014-02-08 10:01:36.827000000
731;ML Road Frame - Red, 44;FR-R72R-44;True;True;Red;500;375;352,1394;594,83;44;CM ;LB ;2,2200000000000002;1;R ;M ;U ;14;16;2011-05-31 00:00:00;2012-05-29 00:00:00;;2014-02-08 10:01:36.827000000
732;ML Road Frame - Red, 48;FR-R72R-48;True;True;Red;500;375;352,1394;594,83;48;CM ;LB ;2,2599999999999998;1;R ;M ;U ;14;16;2011-05-31 00:00:00;2012-05-29 00:00:00;;2014-02-08 10:01:36.827000000
733;ML Road Frame - Red, 52;FR-R72R-52;True;True;Red;500;375;352,1394;594,83;52;CM ;LB ;2,2999999999999998;1;R ;M ;U ;14;16;2011-05-31 00:00:00;2012-05-29 00:00:00;;2014-02-08 10:01:36.827000000
734;ML Road Frame - Red, 58;FR-R72R-58;True;True;Red;500;375;352,1394;594,83;58;CM ;LB ;2,3599999999999999;1;R ;M ;U ;14;16;2011-05-31 00:00:00;2012-05-29 00:00:00;;2014-02-08 10:01:36.827000000
735;ML Road Frame - Red, 60;FR-R72R-60;True;True;Red;500;375;352,1394;594,83;60;CM ;LB ;2,3799999999999999;1;R ;M ;U ;14;16;2011-05-31 00:00:00;2012-05-29 00:00:00;;2014-02-08 10:01:36.827000000
736;LL Road Frame - Black, 44;FR-R38B-44;True;True;Black;500;375;204,6251;408,0362;44;CM ;LB ;2,3199999999999998;1;R ;L ;U ;14;9;2011-05-31 00:00:00;;;2014-02-08 10:01:36.827000000
737;LL Road Frame - Black, 48;FR-R38B-48;True;True;Black;500;375;204,6251;408,0362;48;CM ;LB ;2,3599999999999999;1;R ;L ;U ;14;9;2011-05-31 00:00:00;;;2014-02-08 10:01:36.827000000
738;LL Road Frame - Black, 52;FR-R38B-52;True;True;Black;500;375;204,6251;408,0362;52;CM ;LB ;2,3999999999999999;1;R ;L ;U ;14;9;2011-05-31 00:00:00;;;2014-02-08 10:01:36.827000000
739;HL Mountain Frame - Silver, 42;FR-M94S-42;True;True;Silver;500;375;747,2002;1364,5;42;CM ;LB ;2,7200000000000002;1;M ;H ;U ;12;5;2011-05-31 00:00:00;;;2014-02-08 10:01:36.827000000
740;HL Mountain Frame - Silver, 44;FR-M94S-44;True;True;Silver;500;375;706,811;1364,5;44;CM ;LB ;2,7599999999999998;1;M ;H ;U ;12;5;2011-05-31 00:00:00;2012-05-29 00:00:00;;2014-02-08 10:01:36.827000000
741;HL Mountain Frame - Silver, 48;FR-M94S-52;True;True;Silver;500;375;706,811;1364,5;48;CM ;LB ;2,7999999999999998;1;M ;H ;U ;12;5;2011-05-31 00:00:00;2012-05-29 00:00:00;;2014-02-08 10:01:36.827000000
742;HL Mountain Frame - Silver, 46;FR-M94S-46;True;True;Silver;500;375;747,2002;1364,5;46;CM ;LB ;2,8399999999999999;1;M ;H ;U ;12;5;2011-05-31 00:00:00;;;2014-02-08 10:01:36.827000000
743;HL Mountain Frame - Black, 42;FR-M94B-42;True;True;Black;500;375;739,041;1349,6;42;CM ;LB ;2,7200000000000002;1;M ;H ;U ;12;5;2011-05-31 00:00:00;;;2014-02-08 10:01:36.827000000
744;HL Mountain Frame - Black, 44;FR-M94B-44;True;True;Black;500;375;699,0928;1349,6;44;CM ;LB ;2,7599999999999998;1;M ;H ;U ;12;5;2011-05-31 00:00:00;2012-05-29 00:00:00;;2014-02-08 10:01:36.827000000
745;HL Mountain Frame - Black, 48;FR-M94B-48;True;True;Black;500;375;699,0928;1349,6;48;CM ;LB ;2,7999999999999998;1;M ;H ;U ;12;5;2011-05-31 00:00:00;2012-05-29 00:00:00;;2014-02-08 10:01:36.827000000
746;HL Mountain Frame - Black, 46;FR-M94B-46;True;True;Black;500;375;739,041;1349,6;46;CM ;LB ;2,8399999999999999;1;M ;H ;U ;12;5;2011-05-31 00:00:00;;;2014-02-08 10:01:36.827000000
747;HL Mountain Frame - Black, 38;FR-M94B-38;True;True;Black;500;375;739,041;1349,6;38;CM ;LB ;2,6800000000000002;2;M ;H ;U ;12;5;2011-05-31 00:00:00;;;2014-02-08 10:01:36.827000000
748;HL Mountain Frame - Silver, 38;FR-M94S-38;True;True;Silver;500;375;747,2002;1364,5;38;CM ;LB ;2,6800000000000002;2;M ;H ;U ;12;5;2011-05-31 00:00:00;;;2014-02-08 10:01:36.827000000
749;Road-150 Red, 62;BK-R93R-62;True;True;Red;100;75;2171,2942;3578,27;62;CM ;LB ;1,5;4;R ;H ;U ;2;25;2011-05-31 00:00:00;2012-05-29 00:00:00;;2014-02-08 10:01:36.827000000
750;Road-150 Red, 44;BK-R93R-44;True;True;Red;100;75;2171,2942;3578,27;44;CM ;LB ;13,77;4;R ;H ;U ;2;25;2011-05-31 00:00:00;2012-05-29 00:00:00;;2014-02-08 10:01:36.827000000
751;Road-150 Red, 48;BK-R93R-48;True;True;Red;100;75;2171,2942;3578,27;48;CM ;LB ;14,130000000000001;4;R ;H ;U ;2;25;2011-05-31 00:00:00;2012-05-29 00:00:00;;2014-02-08 10:01:36.827000000
752;Road-150 Red, 52;BK-R93R-52;True;True;Red;100;75;2171,2942;3578,27;52;CM ;LB ;14,42;4;R ;H ;U ;2;25;2011-05-31 00:00:00;2012-05-29 00:00:00;;2014-02-08 10:01:36.827000000
753;Road-150 Red, 56;BK-R93R-56;True;True;Red;100;75;2171,2942;3578,27;56;CM ;LB ;14,68;4;R ;H ;U ;2;25;2011-05-31 00:00:00;2012-05-29 00:00:00;;2014-02-08 10:01:36.827000000
754;Road-450 Red, 58;BK-R68R-58;True;True;Red;100;75;884,7083;1457,99;58;CM ;LB ;17,789999999999999;4;R ;M ;U ;2;28;2011-05-31 00:00:00;2012-05-29 00:00:00;;2014-02-08 10:01:36.827000000
755;Road-450 Red, 60;BK-R68R-60;True;True;Red;100;75;884,7083;1457,99;60;CM ;LB ;17,899999999999999;4;R ;M ;U ;2;28;2011-05-31 00:00:00;2012-05-29 00:00:00;;2014-02-08 10:01:36.827000000
756;Road-450 Red, 44;BK-R68R-44;True;True;Red;100;75;884,7083;1457,99;44;CM ;LB ;16,77;4;R ;M ;U ;2;28;2011-05-31 00:00:00;2012-05-29 00:00:00;;2014-02-08 10:01:36.827000000
757;Road-450 Red, 48;BK-R68R-48;True;True;Red;100;75;884,7083;1457,99;48;CM ;LB ;17,129999999999999;4;R ;M ;U ;2;28;2011-05-31 00:00:00;2012-05-29 00:00:00;;2014-02-08 10:01:36.827000000
758;Road-450 Red, 52;BK-R68R-52;True;True;Red;100;75;884,7083;1457,99;52;CM ;LB ;17,420000000000002;4;R ;M ;U ;2;28;2011-05-31 00:00:00;2012-05-29 00:00:00;;2014-02-08 10:01:36.827000000
759;Road-650 Red, 58;BK-R50R-58;True;True;Red;100;75;486,7066;782,99;58;CM ;LB ;19,789999999999999;4;R ;L ;U ;2;30;2011-05-31 00:00:00;2013-05-29 00:00:00;;2014-02-08 10:01:36.827000000
760;Road-650 Red, 60;BK-R50R-60;True;True;Red;100;75;486,7066;782,99;60;CM ;LB ;19,899999999999999;4;R ;L ;U ;2;30;2011-05-31 00:00:00;2013-05-29 00:00:00;;2014-02-08 10:01:36.827000000
761;Road-650 Red, 62;BK-R50R-62;True;True;Red;100;75;486,7066;782,99;62;CM ;LB ;2;4;R ;L ;U ;2;30;2011-05-31 00:00:00;2013-05-29 00:00:00;;2014-02-08 10:01:36.827000000
762;Road-650 Red, 44;BK-R50R-44;True;True;Red;100;75;486,7066;782,99;44;CM ;LB ;18,77;4;R ;L ;U ;2;30;2011-05-31 00:00:00;2013-05-29 00:00:00;;2014-02-08 10:01:36.827000000
763;Road-650 Red, 48;BK-R50R-48;True;True;Red;100;75;486,7066;782,99;48;CM ;LB ;19,129999999999999;4;R ;L ;U ;2;30;2011-05-31 00:00:00;2013-05-29 00:00:00;;2014-02-08 10:01:36.827000000
764;Road-650 Red, 52;BK-R50R-52;True;True;Red;100;75;486,7066;782,99;52;CM ;LB ;19,420000000000002;4;R ;L ;U ;2;30;2011-05-31 00:00:00;2013-05-29 00:00:00;;2014-02-08 10:01:36.827000000
765;Road-650 Black, 58;BK-R50B-58;True;True;Black;100;75;486,7066;782,99;58;CM ;LB ;19,789999999999999;4;R ;L ;U ;2;30;2011-05-31 00:00:00;2013-05-29 00:00:00;;2014-02-08 10:01:36.827000000
766;Road-650 Black, 60;BK-R50B-60;True;True;Black;100;75;486,7066;782,99;60;CM ;LB ;19,899999999999999;4;R ;L ;U ;2;30;2011-05-31 00:00:00;2013-05-29 00:00:00;;2014-02-08 10:01:36.827000000
767;Road-650 Black, 62;BK-R50B-62;True;True;Black;100;75;486,7066;782,99;62;CM ;LB ;2;4;R ;L ;U ;2;30;2011-05-31 00:00:00;2013-05-29 00:00:00;;2014-02-08 10:01:36.827000000
768;Road-650 Black, 44;BK-R50B-44;True;True;Black;100;75;486,7066;782,99;44;CM ;LB ;18,77;4;R ;L ;U ;2;30;2011-05-31 00:00:00;2013-05-29 00:00:00;;2014-02-08 10:01:36.827000000
769;Road-650 Black, 48;BK-R50B-48;True;True;Black;100;75;486,7066;782,99;48;CM ;LB ;19,129999999999999;4;R ;L ;U ;2;30;2011-05-31 00:00:00;2013-05-29 00:00:00;;2014-02-08 10:01:36.827000000
770;Road-650 Black, 52;BK-R50B-52;True;True;Black;100;75;486,7066;782,99;52;CM ;LB ;19,420000000000002;4;R ;L ;U ;2;30;2011-05-31 00:00:00;2013-05-29 00:00:00;;2014-02-08 10:01:36.827000000
771;Mountain-100 Silver, 38;BK-M82S-38;True;True;Silver;100;75;1912,1544;3399,99;38;CM ;LB ;20,350000000000001;4;M ;H ;U ;1;19;2011-05-31 00:00:00;2012-05-29 00:00:00;;2014-02-08 10:01:36.827000000
772;Mountain-100 Silver, 42;BK-M82S-42;True;True;Silver;100;75;1912,1544;3399,99;42;CM ;LB ;20,77;4;M ;H ;U ;1;19;2011-05-31 00:00:00;2012-05-29 00:00:00;;2014-02-08 10:01:36.827000000
773;Mountain-100 Silver, 44;BK-M82S-44;True;True;Silver;100;75;1912,1544;3399,99;44;CM ;LB ;21,129999999999999;4;M ;H ;U ;1;19;2011-05-31 00:00:00;2012-05-29 00:00:00;;2014-02-08 10:01:36.827000000
774;Mountain-100 Silver, 48;BK-M82S-48;True;True;Silver;100;75;1912,1544;3399,99;48;CM ;LB ;21,420000000000002;4;M ;H ;U ;1;19;2011-05-31 00:00:00;2012-05-29 00:00:00;;2014-02-08 10:01:36.827000000
775;Mountain-100 Black, 38;BK-M82B-38;True;True;Black;100;75;1898,0944;3374,99;38;CM ;LB ;20,350000000000001;4;M ;H ;U ;1;19;2011-05-31 00:00:00;2012-05-29 00:00:00;;2014-02-08 10:01:36.827000000
776;Mountain-100 Black, 42;BK-M82B-42;True;True;Black;100;75;1898,0944;3374,99;42;CM ;LB ;20,77;4;M ;H ;U ;1;19;2011-05-31 00:00:00;2012-05-29 00:00:00;;2014-02-08 10:01:36.827000000
777;Mountain-100 Black, 44;BK-M82B-44;True;True;Black;100;75;1898,0944;3374,99;44;CM ;LB ;21,129999999999999;4;M ;H ;U ;1;19;2011-05-31 00:00:00;2012-05-29 00:00:00;;2014-02-08 10:01:36.827000000
778;Mountain-100 Black, 48;BK-M82B-48;True;True;Black;100;75;1898,0944;3374,99;48;CM ;LB ;21,420000000000002;4;M ;H ;U ;1;19;2011-05-31 00:00:00;2012-05-29 00:00:00;;2014-02-08 10:01:36.827000000
779;Mountain-200 Silver, 38;BK-M68S-38;True;True;Silver;100;75;1265,6195;2319,99;38;CM ;LB ;23,350000000000001;4;M ;H ;U ;1;20;2012-05-30 00:00:00;;;2014-02-08 10:01:36.827000000
780;Mountain-200 Silver, 42;BK-M68S-42;True;True;Silver;100;75;1265,6195;2319,99;42;CM ;LB ;23,77;4;M ;H ;U ;1;20;2012-05-30 00:00:00;;;2014-02-08 10:01:36.827000000
781;Mountain-200 Silver, 46;BK-M68S-46;True;True;Silver;100;75;1265,6195;2319,99;46;CM ;LB ;24,129999999999999;4;M ;H ;U ;1;20;2012-05-30 00:00:00;;;2014-02-08 10:01:36.827000000
782;Mountain-200 Black, 38;BK-M68B-38;True;True;Black;100;75;1251,9813;2294,99;38;CM ;LB ;23,350000000000001;4;M ;H ;U ;1;20;2012-05-30 00:00:00;;;2014-02-08 10:01:36.827000000
783;Mountain-200 Black, 42;BK-M68B-42;True;True;Black;100;75;1251,9813;2294,99;42;CM ;LB ;23,77;4;M ;H ;U ;1;20;2012-05-30 00:00:00;;;2014-02-08 10:01:36.827000000
784;Mountain-200 Black, 46;BK-M68B-46;True;True;Black;100;75;1251,9813;2294,99;46;CM ;LB ;24,129999999999999;4;M ;H ;U ;1;20;2012-05-30 00:00:00;;;2014-02-08 10:01:36.827000000
785;Mountain-300 Black, 38;BK-M47B-38;True;True;Black;100;75;598,4354;1079,99;38;CM ;LB ;25,350000000000001;4;M ;M ;U ;1;21;2012-05-30 00:00:00;2013-05-29 00:00:00;;2014-02-08 10:01:36.827000000
786;Mountain-300 Black, 40;BK-M47B-40;True;True;Black;100;75;598,4354;1079,99;40;CM ;LB ;25,77;4;M ;M ;U ;1;21;2012-05-30 00:00:00;2013-05-29 00:00:00;;2014-02-08 10:01:36.827000000
787;Mountain-300 Black, 44;BK-M47B-44;True;True;Black;100;75;598,4354;1079,99;44;CM ;LB ;26,129999999999999;4;M ;M ;U ;1;21;2012-05-30 00:00:00;2013-05-29 00:00:00;;2014-02-08 10:01:36.827000000
788;Mountain-300 Black, 48;BK-M47B-48;True;True;Black;100;75;598,4354;1079,99;48;CM ;LB ;26,420000000000002;4;M ;M ;U ;1;21;2012-05-30 00:00:00;2013-05-29 00:00:00;;2014-02-08 10:01:36.827000000
789;Road-250 Red, 44;BK-R89R-44;True;True;Red;100;75;1518,7864;2443,35;44;CM ;LB ;14,77;4;R ;H ;U ;2;26;2012-05-30 00:00:00;2013-05-29 00:00:00;;2014-02-08 10:01:36.827000000
790;Road-250 Red, 48;BK-R89R-48;True;True;Red;100;75;1518,7864;2443,35;48;CM ;LB ;15,130000000000001;4;R ;H ;U ;2;26;2012-05-30 00:00:00;2013-05-29 00:00:00;;2014-02-08 10:01:36.827000000
791;Road-250 Red, 52;BK-R89R-52;True;True;Red;100;75;1518,7864;2443,35;52;CM ;LB ;15,42;4;R ;H ;U ;2;26;2012-05-30 00:00:00;2013-05-29 00:00:00;;2014-02-08 10:01:36.827000000
792;Road-250 Red, 58;BK-R89R-58;True;True;Red;100;75;1554,9479;2443,35;58;CM ;LB ;15,789999999999999;4;R ;H ;U ;2;26;2012-05-30 00:00:00;;;2014-02-08 10:01:36.827000000
793;Road-250 Black, 44;BK-R89B-44;True;True;Black;100;75;1554,9479;2443,35;44;CM ;LB ;14,77;4;R ;H ;U ;2;26;2012-05-30 00:00:00;;;2014-02-08 10:01:36.827000000
794;Road-250 Black, 48;BK-R89B-48;True;True;Black;100;75;1554,9479;2443,35;48;CM ;LB ;15,130000000000001;4;R ;H ;U ;2;26;2012-05-30 00:00:00;;;2014-02-08 10:01:36.827000000
795;Road-250 Black, 52;BK-R89B-52;True;True;Black;100;75;1554,9479;2443,35;52;CM ;LB ;15,42;4;R ;H ;U ;2;26;2012-05-30 00:00:00;;;2014-02-08 10:01:36.827000000
796;Road-250 Black, 58;BK-R89B-58;True;True;Black;100;75;1554,9479;2443,35;58;CM ;LB ;15,68;4;R ;H ;U ;2;26;2012-05-30 00:00:00;;;2014-02-08 10:01:36.827000000
797;Road-550-W Yellow, 38;BK-R64Y-38;True;True;Yellow;100;75;713,0798;1120,49;38;CM ;LB ;17,350000000000001;4;R ;M ;W ;2;29;2012-05-30 00:00:00;;;2014-02-08 10:01:36.827000000
798;Road-550-W Yellow, 40;BK-R64Y-40;True;True;Yellow;100;75;713,0798;1120,49;40;CM ;LB ;17,77;4;R ;M ;W ;2;29;2012-05-30 00:00:00;;;2014-02-08 10:01:36.827000000
799;Road-550-W Yellow, 42;BK-R64Y-42;True;True;Yellow;100;75;713,0798;1120,49;42;CM ;LB ;18,129999999999999;4;R ;M ;W ;2;29;2012-05-30 00:00:00;;;2014-02-08 10:01:36.827000000
800;Road-550-W Yellow, 44;BK-R64Y-44;True;True;Yellow;100;75;713,0798;1120,49;44;CM ;LB ;18,420000000000002;4;R ;M ;W ;2;29;2012-05-30 00:00:00;;;2014-02-08 10:01:36.827000000
801;Road-550-W Yellow, 48;BK-R64Y-48;True;True;Yellow;100;75;713,0798;1120,49;48;CM ;LB ;18,68;4;R ;M ;W ;2;29;2012-05-30 00:00:00;;;2014-02-08 10:01:36.827000000
802;LL Fork;FK-1639;True;True;Not Have;500;375;65,8097;179,3462;N/A;CM ;LB ;2,9325000000000001;1;S ;L ;U ;10;104;2012-05-30 00:00:00;2013-05-29 00:00:00;;2014-02-08 10:01:36.827000000
803;ML Fork;FK-5136;True;True;Not Have;500;375;77,9176;212,3429;N/A;CM ;LB ;2,9325000000000001;1;S ;M ;U ;10;105;2012-05-30 00:00:00;2013-05-29 00:00:00;;2014-02-08 10:01:36.827000000
804;HL Fork;FK-9939;True;True;Not Have;500;375;101,8936;277,6829;N/A;CM ;LB ;2,9325000000000001;1;S ;H ;U ;10;106;2012-05-30 00:00:00;2013-05-29 00:00:00;;2014-02-08 10:01:36.827000000
805;LL Headset;HS-0296;True;True;Not Have;500;375;15,1848;41,382;N/A;CM ;LB ;2,9325000000000001;1;S ;L ;U ;11;59;2012-05-30 00:00:00;2013-05-29 00:00:00;;2014-02-08 10:01:36.827000000
806;ML Headset;HS-2451;True;True;Not Have;500;375;45,4168;123,7709;N/A;CM ;LB ;2,9325000000000001;1;S ;M ;U ;11;60;2012-05-30 00:00:00;2013-05-29 00:00:00;;2014-02-08 10:01:36.827000000
807;HL Headset;HS-3479;True;True;Not Have;500;375;55,3801;150,9233;N/A;CM ;LB ;2,9325000000000001;1;S ;H ;U ;11;61;2012-05-30 00:00:00;2013-05-29 00:00:00;;2014-02-08 10:01:36.827000000
808;LL Mountain Handlebars;HB-M243;True;True;Not Have;500;375;19,7758;53,8934;N/A;CM ;LB ;2,9325000000000001;1;M ;L ;U ;4;52;2012-05-30 00:00:00;;;2014-02-08 10:01:36.827000000
809;ML Mountain Handlebars;HB-M763;True;True;Not Have;500;375;27,4925;74,9232;N/A;CM ;LB ;2,9325000000000001;1;M ;M ;U ;4;54;2012-05-30 00:00:00;;;2014-02-08 10:01:36.827000000
810;HL Mountain Handlebars;HB-M918;True;True;Not Have;500;375;53,3999;145,5267;N/A;CM ;LB ;2,9325000000000001;1;M ;H ;U ;4;55;2012-05-30 00:00:00;;;2014-02-08 10:01:36.827000000
811;LL Road Handlebars;HB-R504;True;True;Not Have;500;375;19,7758;53,8934;N/A;CM ;LB ;2,9325000000000001;1;R ;L ;U ;4;56;2012-05-30 00:00:00;;;2014-02-08 10:01:36.827000000
812;ML Road Handlebars;HB-R720;True;True;Not Have;500;375;27,4925;74,9232;N/A;CM ;LB ;2,9325000000000001;1;R ;M ;U ;4;57;2012-05-30 00:00:00;;;2014-02-08 10:01:36.827000000
813;HL Road Handlebars;HB-R956;True;True;Not Have;500;375;53,3999;145,5267;N/A;CM ;LB ;2,9325000000000001;1;R ;H ;U ;4;58;2012-05-30 00:00:00;;;2014-02-08 10:01:36.827000000
814;ML Mountain Frame - Black, 38;FR-M63B-38;True;True;Black;500;375;185,8193;421,9996;38;CM ;LB ;2,73;2;M ;M ;U ;12;15;2012-05-30 00:00:00;2013-05-29 00:00:00;;2014-02-08 10:01:36.827000000
815;LL Mountain Front Wheel;FW-M423;True;True;Not Have;500;375;26,9708;73,5015;N/A;CM ;LB ;2,9325000000000001;1;M ;L ;U ;17;42;2012-05-30 00:00:00;2013-05-29 00:00:00;;2014-02-08 10:01:36.827000000
816;ML Mountain Front Wheel;FW-M762;True;True;Not Have;500;375;92,8071;252,9203;N/A;CM ;LB ;2,9325000000000001;1;M ;M ;U ;17;45;2012-05-30 00:00:00;2013-05-29 00:00:00;;2014-02-08 10:01:36.827000000
817;HL Mountain Front Wheel;FW-M928;True;True;Not Have;500;375;133,2955;363,2602;N/A;CM ;LB ;2,9325000000000001;1;M ;H ;U ;17;46;2012-05-30 00:00:00;2013-05-29 00:00:00;;2014-02-08 10:01:36.827000000
818;LL Road Front Wheel;FW-R623;True;True;Not Have;500;375;37,9909;103,5337;N/A;CM ;LB ;9;1;R ;L ;U ;17;49;2012-05-30 00:00:00;2013-05-29 00:00:00;;2014-02-08 10:01:36.827000000
819;ML Road Front Wheel;FW-R762;True;True;Not Have;500;375;110,2829;300,5459;N/A;CM ;LB ;8,5;1;R ;M ;U ;17;50;2012-05-30 00:00:00;2013-05-29 00:00:00;;2014-02-08 10:01:36.827000000
820;HL Road Front Wheel;FW-R820;True;True;Not Have;500;375;146,5466;399,3726;N/A;CM ;LB ;6,5;1;R ;H ;U ;17;51;2012-05-30 00:00:00;2013-05-29 00:00:00;;2014-02-08 10:01:36.827000000
821;Touring Front Wheel;FW-T905;True;True;Not Have;500;375;96,7964;263,7921;N/A;CM ;LB ;2,9325000000000001;1;T ;L ;U ;17;44;2012-05-30 00:00:00;2013-05-29 00:00:00;;2014-02-08 10:01:36.827000000
822;ML Road Frame-W - Yellow, 38;FR-R72Y-38;True;True;Yellow;500;375;360,9428;594,83;38;CM ;LB ;2,1800000000000002;2;R ;M ;W ;14;17;2012-05-30 00:00:00;;;2014-02-08 10:01:36.827000000
823;LL Mountain Rear Wheel;RW-M423;True;True;Not Have;500;375;38,9588;106,1715;N/A;CM ;LB ;2,9325000000000001;1;M ;L ;U ;17;123;2012-05-30 00:00:00;2013-05-29 00:00:00;;2014-02-08 10:01:36.827000000
824;ML Mountain Rear Wheel;RW-M762;True;True;Not Have;500;375;104,7951;285,5903;N/A;CM ;LB ;2,9325000000000001;1;M ;M ;U ;17;124;2012-05-30 00:00:00;2013-05-29 00:00:00;;2014-02-08 10:01:36.827000000
825;HL Mountain Rear Wheel;RW-M928;True;True;Not Have;500;375;145,2835;395,9302;N/A;CM ;LB ;2,9325000000000001;1;M ;H ;U ;17;125;2012-05-30 00:00:00;2013-05-29 00:00:00;;2014-02-08 10:01:36.827000000
826;LL Road Rear Wheel;RW-R623;True;True;Not Have;500;375;49,9789;136,2037;N/A;CM ;LB ;10,5;1;R ;L ;U ;17;126;2012-05-30 00:00:00;2013-05-29 00:00:00;;2014-02-08 10:01:36.827000000
827;ML Road Rear Wheel;RW-R762;True;True;Not Have;500;375;122,2709;333,2159;N/A;CM ;LB ;10;1;R ;M ;U ;17;77;2012-05-30 00:00:00;2013-05-29 00:00:00;;2014-02-08 10:01:36.827000000
828;HL Road Rear Wheel;RW-R820;True;True;Not Have;500;375;158,5346;432,0426;N/A;CM ;LB ;8,9000000000000004;1;R ;H ;U ;17;78;2012-05-30 00:00:00;2013-05-29 00:00:00;;2014-02-08 10:01:36.827000000
829;Touring Rear Wheel;RW-T905;True;True;Not Have;500;375;108,7844;296,4621;N/A;CM ;LB ;2,9325000000000001;1;T ;H ;U ;17;43;2012-05-30 00:00:00;2013-05-29 00:00:00;;2014-02-08 10:01:36.827000000
830;ML Mountain Frame - Black, 40;FR-M63B-40;True;True;Black;500;375;185,8193;421,9996;40;CM ;LB ;2,77;1;M ;M ;U ;12;14;2012-05-30 00:00:00;2013-05-29 00:00:00;;2014-02-08 10:01:36.827000000
831;ML Mountain Frame - Black, 44;FR-M63B-44;True;True;Black;500;375;185,8193;421,9996;44;CM ;LB ;2,8100000000000001;1;M ;M ;U ;12;14;2012-05-30 00:00:00;2013-05-29 00:00:00;;2014-02-08 10:01:36.827000000
832;ML Mountain Frame - Black, 48;FR-M63B-48;True;True;Black;500;375;185,8193;421,9996;48;CM ;LB ;2,8500000000000001;1;M ;M ;U ;12;14;2012-05-30 00:00:00;2013-05-29 00:00:00;;2014-02-08 10:01:36.827000000
833;ML Road Frame-W - Yellow, 40;FR-R72Y-40;True;True;Yellow;500;375;360,9428;594,83;40;CM ;LB ;2,2200000000000002;1;R ;M ;W ;14;17;2012-05-30 00:00:00;;;2014-02-08 10:01:36.827000000
834;ML Road Frame-W - Yellow, 42;FR-R72Y-42;True;True;Yellow;500;375;360,9428;594,83;42;CM ;LB ;2,2599999999999998;1;R ;M ;W ;14;17;2012-05-30 00:00:00;;;2014-02-08 10:01:36.827000000
835;ML Road Frame-W - Yellow, 44;FR-R72Y-44;True;True;Yellow;500;375;360,9428;594,83;44;CM ;LB ;2,2999999999999998;1;R ;M ;W ;14;17;2012-05-30 00:00:00;;;2014-02-08 10:01:36.827000000
836;ML Road Frame-W - Yellow, 48;FR-R72Y-48;True;True;Yellow;500;375;360,9428;594,83;48;CM ;LB ;2,3399999999999999;1;R ;M ;W ;14;17;2012-05-30 00:00:00;;;2014-02-08 10:01:36.827000000
837;HL Road Frame - Black, 62;FR-R92B-62;True;True;Black;500;375;868,6342;1431,5;62;CM ;LB ;2,2999999999999998;1;R ;H ;U ;14;6;2012-05-30 00:00:00;;;2014-02-08 10:01:36.827000000
838;HL Road Frame - Black, 44;FR-R92B-44;True;True;Black;500;375;868,6342;1431,5;44;CM ;LB ;2,1200000000000001;1;R ;H ;U ;14;6;2012-05-30 00:00:00;;;2014-02-08 10:01:36.827000000
839;HL Road Frame - Black, 48;FR-R92B-48;True;True;Black;500;375;868,6342;1431,5;48;CM ;LB ;2,1600000000000001;1;R ;H ;U ;14;6;2012-05-30 00:00:00;;;2014-02-08 10:01:36.827000000
840;HL Road Frame - Black, 52;FR-R92B-52;True;True;Black;500;375;868,6342;1431,5;52;CM ;LB ;2,2000000000000002;1;R ;H ;U ;14;6;2012-05-30 00:00:00;;;2014-02-08 10:01:36.827000000
841;Men's Sports Shorts, S;SH-M897-S;False;True;Not Have;4;3;24,7459;72,5879;S;CM ;LB ;2,9325000000000001;0;S ;L ;M ;22;13;2012-05-30 00:00:00;2013-05-29 00:00:00;;2014-02-08 10:01:36.827000000
842;Touring-Panniers, Large;PA-T100;False;True;Not Have;4;3;51,5625;151,25;N/A;CM ;LB ;2,9325000000000001;0;T ;L ;U ;35;120;2012-05-30 00:00:00;2013-05-29 00:00:00;;2014-02-08 10:01:36.827000000
843;Cable Lock;LO-C100;False;True;Not Have;4;3;10,3125;30,25;N/A;CM ;LB ;2,9325000000000001;0;S ;L ;U ;34;115;2012-05-30 00:00:00;2013-05-29 00:00:00;;2014-02-08 10:01:36.827000000
844;Minipump;PU-0452;False;True;Not Have;4;3;8,2459;24,1879;N/A;CM ;LB ;2,9325000000000001;0;S ;M ;U ;36;116;2012-05-30 00:00:00;2013-05-29 00:00:00;;2014-02-08 10:01:36.827000000
845;Mountain Pump;PU-M044;False;True;Not Have;4;3;10,3084;30,2379;N/A;CM ;LB ;2,9325000000000001;0;M ;M ;U ;36;117;2012-05-30 00:00:00;2013-05-29 00:00:00;;2014-02-08 10:01:36.827000000
846;Taillights - Battery-Powered;LT-T990;False;True;Not Have;4;3;5,7709;16,9279;N/A;CM ;LB ;2,9325000000000001;0;R ;M ;U ;33;108;2012-05-30 00:00:00;2013-05-29 00:00:00;;2014-02-08 10:01:36.827000000
847;Headlights - Dual-Beam;LT-H902;False;True;Not Have;4;3;14,4334;42,3379;N/A;CM ;LB ;2,9325000000000001;0;R ;H ;U ;33;109;2012-05-30 00:00:00;2013-05-29 00:00:00;;2014-02-08 10:01:36.827000000
848;Headlights - Weatherproof;LT-H903;False;True;Not Have;4;3;18,5584;54,4379;N/A;CM ;LB ;2,9325000000000001;0;R ;H ;U ;33;110;2012-05-30 00:00:00;2013-05-29 00:00:00;;2014-02-08 10:01:36.827000000
849;Men's Sports Shorts, M;SH-M897-M;False;True;Not Have;4;3;24,7459;72,5879;M;CM ;LB ;2,9325000000000001;0;S ;H ;M ;22;13;2012-05-30 00:00:00;2013-05-29 00:00:00;;2014-02-08 10:01:36.827000000
850;Men's Sports Shorts, L;SH-M897-L;False;True;Not Have;4;3;24,7459;72,5879;L;CM ;LB ;2,9325000000000001;0;S ;L ;M ;22;13;2012-05-30 00:00:00;2013-05-29 00:00:00;;2014-02-08 10:01:36.827000000
851;Men's Sports Shorts, XL;SH-M897-X;False;True;Not Have;4;3;24,7459;72,5879;XL;CM ;LB ;2,9325000000000001;0;S ;L ;M ;22;13;2012-05-30 00:00:00;2013-05-29 00:00:00;;2014-02-08 10:01:36.827000000
852;Women's Tights, S;TG-W091-S;False;True;Not Have;4;3;30,9334;90,7379;S;CM ;LB ;2,9325000000000001;0;S ;L ;W ;24;38;2012-05-30 00:00:00;2013-05-29 00:00:00;;2014-02-08 10:01:36.827000000
853;Women's Tights, M;TG-W091-M;False;True;Not Have;4;3;30,9334;90,7379;M;CM ;LB ;2,9325000000000001;0;S ;L ;W ;24;38;2012-05-30 00:00:00;2013-05-29 00:00:00;;2014-02-08 10:01:36.827000000
854;Women's Tights, L;TG-W091-L;False;True;Not Have;4;3;30,9334;90,7379;L;CM ;LB ;2,9325000000000001;0;S ;M ;W ;24;38;2012-05-30 00:00:00;2013-05-29 00:00:00;;2014-02-08 10:01:36.827000000
855;Men's Bib-Shorts, S;SB-M891-S;False;True;Not Have;4;3;37,1209;108,8879;S;CM ;LB ;2,9325000000000001;0;S ;M ;M ;18;12;2012-05-30 00:00:00;2013-05-29 00:00:00;;2014-02-08 10:01:36.827000000
856;Men's Bib-Shorts, M;SB-M891-M;False;True;Not Have;4;3;37,1209;108,8879;M;CM ;LB ;2,9325000000000001;0;S ;M ;M ;18;12;2012-05-30 00:00:00;2013-05-29 00:00:00;;2014-02-08 10:01:36.827000000
857;Men's Bib-Shorts, L;SB-M891-L;False;True;Not Have;4;3;37,1209;108,8879;L;CM ;LB ;2,9325000000000001;0;S ;H ;M ;18;12;2012-05-30 00:00:00;2013-05-29 00:00:00;;2014-02-08 10:01:36.827000000
858;Half-Finger Gloves, S;GL-H102-S;False;True;Not Have;4;3;9,1593;29,6329;S;CM ;LB ;2,9325000000000001;0;S ;H ;U ;20;4;2012-05-30 00:00:00;;;2014-02-08 10:01:36.827000000
859;Half-Finger Gloves, M;GL-H102-M;False;True;Not Have;4;3;9,1593;29,6329;M;CM ;LB ;2,9325000000000001;0;S ;H ;U ;20;4;2012-05-30 00:00:00;;;2014-02-08 10:01:36.827000000
860;Half-Finger Gloves, L;GL-H102-L;False;True;Not Have;4;3;9,1593;29,6329;L;CM ;LB ;2,9325000000000001;0;S ;L ;U ;20;4;2012-05-30 00:00:00;;;2014-02-08 10:01:36.827000000
861;Full-Finger Gloves, S;GL-F110-S;False;True;Not Have;4;3;15,6709;45,9679;S;CM ;LB ;2,9325000000000001;0;M ;L ;U ;20;3;2012-05-30 00:00:00;2013-05-29 00:00:00;;2014-02-08 10:01:36.827000000
862;Full-Finger Gloves, M;GL-F110-M;False;True;Not Have;4;3;15,6709;45,9679;M;CM ;LB ;2,9325000000000001;0;M ;L ;U ;20;3;2012-05-30 00:00:00;2013-05-29 00:00:00;;2014-02-08 10:01:36.827000000
863;Full-Finger Gloves, L;GL-F110-L;False;True;Not Have;4;3;15,6709;45,9679;L;CM ;LB ;2,9325000000000001;0;M ;L ;U ;20;3;2012-05-30 00:00:00;2013-05-29 00:00:00;;2014-02-08 10:01:36.827000000
864;Classic Vest, S;VE-C304-S;False;True;Not Have;4;3;23,749;76,835;S;CM ;LB ;2,9325000000000001;0;S ;M ;U ;25;1;2013-05-30 00:00:00;;;2014-02-08 10:01:36.827000000
865;Classic Vest, M;VE-C304-M;False;True;Not Have;4;3;23,749;76,835;M;CM ;LB ;2,9325000000000001;0;S ;M ;U ;25;1;2013-05-30 00:00:00;;;2014-02-08 10:01:36.827000000
866;Classic Vest, L;VE-C304-L;False;True;Not Have;4;3;23,749;76,835;L;CM ;LB ;2,9325000000000001;0;S ;M ;U ;25;1;2013-05-30 00:00:00;;;2014-02-08 10:01:36.827000000
867;Women's Mountain Shorts, S;SH-W890-S;False;True;Not Have;4;3;26,1763;84,6879;S;CM ;LB ;2,9325000000000001;0;M ;H ;W ;22;37;2013-05-30 00:00:00;;;2014-02-08 10:01:36.827000000
868;Women's Mountain Shorts, M;SH-W890-M;False;True;Not Have;4;3;26,1763;84,6879;M;CM ;LB ;2,9325000000000001;0;M ;H ;W ;22;37;2013-05-30 00:00:00;;;2014-02-08 10:01:36.827000000
869;Women's Mountain Shorts, L;SH-W890-L;False;True;Not Have;4;3;26,1763;84,6879;L;CM ;LB ;2,9325000000000001;0;M ;H ;W ;22;37;2013-05-30 00:00:00;;;2014-02-08 10:01:36.827000000
870;Water Bottle - 30 oz.;WB-H098;False;True;Not Have;4;3;1,8663;6,0379;N/A;CM ;LB ;2,9325000000000001;0;S ;L ;U ;28;111;2013-05-30 00:00:00;;;2014-02-08 10:01:36.827000000
871;Mountain Bottle Cage;BC-M005;False;True;Not Have;4;3;3,7363;12,0879;N/A;CM ;LB ;2,9325000000000001;0;M ;L ;U ;28;112;2013-05-30 00:00:00;;;2014-02-08 10:01:36.827000000
872;Road Bottle Cage;BC-R205;False;True;Not Have;4;3;3,3623;10,8779;N/A;CM ;LB ;2,9325000000000001;0;R ;L ;U ;28;113;2013-05-30 00:00:00;;;2014-02-08 10:01:36.827000000
873;Patch Kit/8 Patches;PK-7098;False;True;Not Have;4;3;0,8565;2,7709;N/A;CM ;LB ;2,9325000000000001;0;S ;L ;U ;37;114;2013-05-30 00:00:00;;;2014-02-08 10:01:36.827000000
874;Racing Socks, M;SO-R809-M;False;True;Not Have;4;3;3,3623;10,8779;M;CM ;LB ;2,9325000000000001;0;R ;M ;U ;23;24;2013-05-30 00:00:00;;;2014-02-08 10:01:36.827000000
875;Racing Socks, L;SO-R809-L;False;True;Not Have;4;3;3,3623;10,8779;L;CM ;LB ;2,9325000000000001;0;R ;M ;U ;23;24;2013-05-30 00:00:00;;;2014-02-08 10:01:36.827000000
876;Hitch Rack - 4-Bike;RA-H123;False;True;Not Have;4;3;44,88;145,2;N/A;CM ;LB ;2,9325000000000001;0;S ;M ;U ;26;118;2013-05-30 00:00:00;;;2014-02-08 10:01:36.827000000
877;Bike Wash - Dissolver;CL-9009;False;True;Not Have;4;3;2,9733;9,6195;N/A;CM ;LB ;2,9325000000000001;0;S ;H ;U ;29;119;2013-05-30 00:00:00;;;2014-02-08 10:01:36.827000000
878;Fender Set - Mountain;FE-6654;False;True;Not Have;4;3;8,2205;26,5958;N/A;CM ;LB ;2,9325000000000001;0;M ;H ;U ;30;121;2013-05-30 00:00:00;;;2014-02-08 10:01:36.827000000
879;All-Purpose Bike Stand;ST-1401;False;True;Not Have;4;3;59,466;192,39;N/A;CM ;LB ;2,9325000000000001;0;M ;H ;U ;27;122;2013-05-30 00:00:00;;;2014-02-08 10:01:36.827000000
880;Hydration Pack - 70 oz.;HY-1023-70;False;True;Not Have;4;3;20,5663;66,5379;70;CM ;LB ;2,9325000000000001;0;S ;L ;U ;32;107;2013-05-30 00:00:00;;;2014-02-08 10:01:36.827000000
881;Short-Sleeve Classic Jersey, S;SJ-0194-S;False;True;Not Have;4;3;41,5723;65,3279;S;CM ;LB ;2,9325000000000001;0;S ;L ;U ;21;32;2013-05-30 00:00:00;;;2014-02-08 10:01:36.827000000
882;Short-Sleeve Classic Jersey, M;SJ-0194-M;False;True;Not Have;4;3;41,5723;65,3279;M;CM ;LB ;2,9325000000000001;0;S ;L ;U ;21;32;2013-05-30 00:00:00;;;2014-02-08 10:01:36.827000000
883;Short-Sleeve Classic Jersey, L;SJ-0194-L;False;True;Not Have;4;3;41,5723;65,3279;L;CM ;LB ;2,9325000000000001;0;S ;L ;U ;21;32;2013-05-30 00:00:00;;;2014-02-08 10:01:36.827000000
884;Short-Sleeve Classic Jersey, XL;SJ-0194-X;False;True;Not Have;4;3;41,5723;65,3279;XL;CM ;LB ;2,9325000000000001;0;S ;M ;U ;21;32;2013-05-30 00:00:00;;;2014-02-08 10:01:36.827000000
885;HL Touring Frame - Yellow, 60;FR-T98Y-60;True;True;Yellow;500;375;601,7437;1003,91;60;CM ;LB ;3,0800000000000001;1;T ;H ;U ;16;7;2013-05-30 00:00:00;;;2014-02-08 10:01:36.827000000
886;LL Touring Frame - Yellow, 62;FR-T67Y-62;True;True;Yellow;500;375;199,8519;403,4382;62;CM ;LB ;3,2000000000000002;1;T ;L ;U ;16;10;2013-05-30 00:00:00;;;2014-02-08 10:01:36.827000000
887;HL Touring Frame - Yellow, 46;FR-T98Y-46;True;True;Yellow;500;375;601,7437;1003,91;46;CM ;LB ;2,96;1;T ;H ;U ;16;7;2013-05-30 00:00:00;;;2014-02-08 10:01:36.827000000
888;HL Touring Frame - Yellow, 50;FR-T98Y-50;True;True;Yellow;500;375;601,7437;1003,91;50;CM ;LB ;3;1;T ;H ;U ;16;7;2013-05-30 00:00:00;;;2014-02-08 10:01:36.827000000
889;HL Touring Frame - Yellow, 54;FR-T98Y-54;True;True;Yellow;500;375;601,7437;1003,91;54;CM ;LB ;3,04;1;T ;H ;U ;16;7;2013-05-30 00:00:00;;;2014-02-08 10:01:36.827000000
890;HL Touring Frame - Blue, 46;FR-T98U-46;True;True;Blue;500;375;601,7437;1003,91;46;CM ;LB ;2,96;1;T ;H ;U ;16;7;2013-05-30 00:00:00;;;2014-02-08 10:01:36.827000000
891;HL Touring Frame - Blue, 50;FR-T98U-50;True;True;Blue;500;375;601,7437;1003,91;50;CM ;LB ;3;1;T ;H ;U ;16;7;2013-05-30 00:00:00;;;2014-02-08 10:01:36.827000000
892;HL Touring Frame - Blue, 54;FR-T98U-54;True;True;Blue;500;375;601,7437;1003,91;54;CM ;LB ;3,04;1;T ;H ;U ;16;7;2013-05-30 00:00:00;;;2014-02-08 10:01:36.827000000
893;HL Touring Frame - Blue, 60;FR-T98U-60;True;True;Blue;500;375;601,7437;1003,91;60;CM ;LB ;3,0800000000000001;1;T ;H ;U ;16;7;2013-05-30 00:00:00;;;2014-02-08 10:01:36.827000000
894;Rear Derailleur;RD-2308;True;True;Not Have;500;375;53,9282;146,9666;N/A;CM ;LB ;2,1499999999999999;1;S ;M ;U ;9;127;2013-05-30 00:00:00;;;2014-02-08 10:01:36.827000000
895;LL Touring Frame - Blue, 50;FR-T67U-50;True;True;Blue;500;375;199,8519;403,4382;50;CM ;LB ;3,1000000000000001;1;T ;L ;U ;16;10;2013-05-30 00:00:00;;;2014-02-08 10:01:36.827000000
896;LL Touring Frame - Blue, 54;FR-T67U-54;True;True;Blue;500;375;199,8519;403,4382;54;CM ;LB ;3,1400000000000001;1;T ;L ;U ;16;10;2013-05-30 00:00:00;;;2014-02-08 10:01:36.827000000
897;LL Touring Frame - Blue, 58;FR-T67U-58;True;True;Blue;500;375;199,8519;403,4382;58;CM ;LB ;3,1600000000000001;1;T ;L ;U ;16;10;2013-05-30 00:00:00;;;2014-02-08 10:01:36.827000000
898;LL Touring Frame - Blue, 62;FR-T67U-62;True;True;Blue;500;375;199,8519;403,4382;62;CM ;LB ;3,2000000000000002;1;T ;L ;U ;16;10;2013-05-30 00:00:00;;;2014-02-08 10:01:36.827000000
899;LL Touring Frame - Yellow, 44;FR-T67Y-44;True;True;Yellow;500;375;199,8519;403,4382;44;CM ;LB ;3,02;1;T ;L ;U ;16;10;2013-05-30 00:00:00;;;2014-02-08 10:01:36.827000000
900;LL Touring Frame - Yellow, 50;FR-T67Y-50;True;True;Yellow;500;375;199,8519;403,4382;50;CM ;LB ;3,1000000000000001;1;T ;L ;U ;16;10;2013-05-30 00:00:00;;;2014-02-08 10:01:36.827000000
901;LL Touring Frame - Yellow, 54;FR-T67Y-54;True;True;Yellow;500;375;199,8519;403,4382;54;CM ;LB ;3,1400000000000001;1;T ;L ;U ;16;10;2013-05-30 00:00:00;;;2014-02-08 10:01:36.827000000
902;LL Touring Frame - Yellow, 58;FR-T67Y-58;True;True;Yellow;500;375;199,8519;403,4382;58;CM ;LB ;3,1600000000000001;1;T ;L ;U ;16;10;2013-05-30 00:00:00;;;2014-02-08 10:01:36.827000000
903;LL Touring Frame - Blue, 44;FR-T67U-44;True;True;Blue;500;375;199,8519;403,4382;44;CM ;LB ;3,02;1;T ;L ;U ;16;10;2013-05-30 00:00:00;;;2014-02-08 10:01:36.827000000
904;ML Mountain Frame-W - Silver, 40;FR-M63S-40;True;True;Silver;500;375;199,3757;440,5489;40;CM ;LB ;2,77;1;M ;M ;W ;12;15;2013-05-30 00:00:00;;;2014-02-08 10:01:36.827000000
905;ML Mountain Frame-W - Silver, 42;FR-M63S-42;True;True;Silver;500;375;199,3757;440,5489;42;CM ;LB ;2,8100000000000001;1;M ;M ;W ;12;15;2013-05-30 00:00:00;;;2014-02-08 10:01:36.827000000
906;ML Mountain Frame-W - Silver, 46;FR-M63S-46;True;True;Silver;500;375;199,3757;440,5489;46;CM ;LB ;2,8500000000000001;1;M ;M ;W ;12;15;2013-05-30 00:00:00;;;2014-02-08 10:01:36.827000000
907;Rear Brakes;RB-9231;False;True;Not Have;500;375;47,286;128,865;N/A;CM ;LB ;3,1699999999999999;1;S ;H ;U ;6;128;2013-05-30 00:00:00;;;2014-02-08 10:01:36.827000000
908;LL Mountain Seat/Saddle;SE-M236;False;True;Not Have;500;375;12,0413;32,8152;N/A;CM ;LB ;2,9325000000000001;1;M ;L ;U ;15;79;2013-05-30 00:00:00;;;2014-02-08 10:01:36.827000000
909;ML Mountain Seat/Saddle;SE-M798;False;True;Not Have;500;375;17,3782;47,3594;N/A;CM ;LB ;2,9325000000000001;1;M ;M ;U ;15;80;2013-05-30 00:00:00;;;2014-02-08 10:01:36.827000000
910;HL Mountain Seat/Saddle;SE-M940;False;True;Not Have;500;375;23,3722;63,6944;N/A;CM ;LB ;2,9325000000000001;1;M ;H ;U ;15;81;2013-05-30 00:00:00;;;2014-02-08 10:01:36.827000000
911;LL Road Seat/Saddle;SE-R581;False;True;Not Have;500;375;12,0413;32,8152;N/A;CM ;LB ;2,9325000000000001;1;R ;L ;U ;15;82;2013-05-30 00:00:00;;;2014-02-08 10:01:36.827000000
912;ML Road Seat/Saddle;SE-R908;False;True;Not Have;500;375;17,3782;47,3594;N/A;CM ;LB ;2,9325000000000001;1;T ;M ;U ;15;83;2013-05-30 00:00:00;;;2014-02-08 10:01:36.827000000
913;HL Road Seat/Saddle;SE-R995;False;True;Not Have;500;375;23,3722;63,6944;N/A;CM ;LB ;2,9325000000000001;1;R ;H ;U ;15;84;2013-05-30 00:00:00;;;2014-02-08 10:01:36.827000000
914;LL Touring Seat/Saddle;SE-T312;False;True;Not Have;500;375;12,0413;32,8152;N/A;CM ;LB ;2,9325000000000001;1;T ;L ;U ;15;66;2013-05-30 00:00:00;;;2014-02-08 10:01:36.827000000
915;ML Touring Seat/Saddle;SE-T762;False;True;Not Have;500;375;17,3782;47,3594;N/A;CM ;LB ;2,9325000000000001;1;T ;M ;U ;15;65;2013-05-30 00:00:00;;;2014-02-08 10:01:36.827000000
916;HL Touring Seat/Saddle;SE-T924;False;True;Not Have;500;375;23,3722;63,6944;N/A;CM ;LB ;2,9325000000000001;1;T ;H ;U ;15;67;2013-05-30 00:00:00;;;2014-02-08 10:01:36.827000000
917;LL Mountain Frame - Silver, 42;FR-M21S-42;True;True;Silver;500;375;144,5938;319,5005;42;CM ;LB ;2,9199999999999999;1;M ;L ;U ;12;8;2013-05-30 00:00:00;;;2014-02-08 10:01:36.827000000
918;LL Mountain Frame - Silver, 44;FR-M21S-44;True;True;Silver;500;375;144,5938;319,5005;44;CM ;LB ;2,96;1;M ;L ;U ;12;8;2013-05-30 00:00:00;;;2014-02-08 10:01:36.827000000
919;LL Mountain Frame - Silver, 48;FR-M21S-48;True;True;Silver;500;375;144,5938;319,5005;48;CM ;LB ;3;1;M ;L ;U ;12;8;2013-05-30 00:00:00;;;2014-02-08 10:01:36.827000000
920;LL Mountain Frame - Silver, 52;FR-M21S-52;True;True;Silver;500;375;144,5938;319,5005;52;CM ;LB ;3,04;1;M ;L ;U ;12;8;2013-05-30 00:00:00;;;2014-02-08 10:01:36.827000000
921;Mountain Tire Tube;TT-M928;False;True;Not Have;500;375;1,8663;6,0379;N/A;CM ;LB ;2,9325000000000001;0;M ;L ;U ;37;92;2013-05-30 00:00:00;;;2014-02-08 10:01:36.827000000
922;Road Tire Tube;TT-R982;False;True;Not Have;500;375;1,4923;4,8279;N/A;CM ;LB ;2,9325000000000001;0;R ;L ;U ;37;93;2013-05-30 00:00:00;;;2014-02-08 10:01:36.827000000
923;Touring Tire Tube;TT-T092;False;True;Not Have;500;375;1,8663;6,0379;N/A;CM ;LB ;2,9325000000000001;0;T ;L ;U ;37;94;2013-05-30 00:00:00;;;2014-02-08 10:01:36.827000000
924;LL Mountain Frame - Black, 42;FR-M21B-42;True;True;Black;500;375;136,785;302,2459;42;CM ;LB ;2,9199999999999999;1;M ;L ;U ;12;8;2013-05-30 00:00:00;;;2014-02-08 10:01:36.827000000
925;LL Mountain Frame - Black, 44;FR-M21B-44;True;True;Black;500;375;136,785;302,2459;44;CM ;LB ;2,96;1;M ;L ;U ;12;8;2013-05-30 00:00:00;;;2014-02-08 10:01:36.827000000
926;LL Mountain Frame - Black, 48;FR-M21B-48;True;True;Black;500;375;136,785;302,2459;48;CM ;LB ;3;1;M ;L ;U ;12;8;2013-05-30 00:00:00;;;2014-02-08 10:01:36.827000000
927;LL Mountain Frame - Black, 52;FR-M21B-52;True;True;Black;500;375;136,785;302,2459;52;CM ;LB ;3,04;1;M ;L ;U ;12;8;2013-05-30 00:00:00;;;2014-02-08 10:01:36.827000000
928;LL Mountain Tire;TI-M267;False;True;Not Have;500;375;9,3463;30,2379;N/A;CM ;LB ;2,9325000000000001;0;M ;L ;U ;37;85;2013-05-30 00:00:00;;;2014-02-08 10:01:36.827000000
929;ML Mountain Tire;TI-M602;False;True;Not Have;500;375;11,2163;36,2879;N/A;CM ;LB ;2,9325000000000001;0;M ;M ;U ;37;86;2013-05-30 00:00:00;;;2014-02-08 10:01:36.827000000
930;HL Mountain Tire;TI-M823;False;True;Not Have;500;375;13,09;42,35;N/A;CM ;LB ;2,9325000000000001;0;M ;H ;U ;37;87;2013-05-30 00:00:00;;;2014-02-08 10:01:36.827000000
931;LL Road Tire;TI-R092;False;True;Not Have;500;375;8,0373;26,0029;N/A;CM ;LB ;2,9325000000000001;0;R ;L ;U ;37;88;2013-05-30 00:00:00;;;2014-02-08 10:01:36.827000000
932;ML Road Tire;TI-R628;False;True;Not Have;500;375;9,3463;30,2379;N/A;CM ;LB ;2,9325000000000001;0;R ;M ;U ;37;89;2013-05-30 00:00:00;;;2014-02-08 10:01:36.827000000
933;HL Road Tire;TI-R982;False;True;Not Have;500;375;12,1924;39,446;N/A;CM ;LB ;2,9325000000000001;0;R ;H ;U ;37;90;2013-05-30 00:00:00;;;2014-02-08 10:01:36.827000000
934;Touring Tire;TI-T723;False;True;Not Have;500;375;10,8423;35,0779;N/A;CM ;LB ;2,9325000000000001;0;T ;M ;U ;37;91;2013-05-30 00:00:00;;;2014-02-08 10:01:36.827000000
935;LL Mountain Pedal;PD-M282;False;True;Not Have;500;375;17,9776;48,9929;N/A;CM ;LB ;2,1800000000000002;1;M ;L ;U ;13;62;2013-05-30 00:00:00;;;2014-02-08 10:01:36.827000000
936;ML Mountain Pedal;PD-M340;False;True;Not Have;500;375;27,568;75,1289;N/A;CM ;LB ;2,1499999999999999;1;M ;M ;U ;13;63;2013-05-30 00:00:00;;;2014-02-08 10:01:36.827000000
937;HL Mountain Pedal;PD-M562;False;True;Not Have;500;375;35,9596;97,9979;N/A;CM ;LB ;1,8500000000000001;1;M ;H ;U ;13;64;2013-05-30 00:00:00;;;2014-02-08 10:01:36.827000000
938;LL Road Pedal;PD-R347;False;True;Not Have;500;375;17,9776;48,9929;N/A;CM ;LB ;1,8899999999999999;1;R ;L ;U ;13;68;2013-05-30 00:00:00;;;2014-02-08 10:01:36.827000000
939;ML Road Pedal;PD-R563;False;True;Not Have;500;375;27,568;75,1289;N/A;CM ;LB ;1,6799999999999999;1;R ;M ;U ;13;69;2013-05-30 00:00:00;;;2014-02-08 10:01:36.827000000
940;HL Road Pedal;PD-R853;False;True;Not Have;500;375;35,9596;97,9979;N/A;CM ;LB ;1,49;1;R ;H ;U ;13;70;2013-05-30 00:00:00;;;2014-02-08 10:03:55.510000000
941;Touring Pedal;PD-T852;False;True;Not Have;500;375;35,9596;97,9979;N/A;CM ;LB ;2,9325000000000001;1;T ;L ;U ;13;53;2013-05-30 00:00:00;;;2014-02-08 10:01:36.827000000
942;ML Mountain Frame-W - Silver, 38;FR-M63S-38;True;True;Silver;500;375;199,3757;440,5489;38;CM ;LB ;2,73;2;M ;M ;W ;12;15;2013-05-30 00:00:00;;;2014-02-08 10:01:36.827000000
943;LL Mountain Frame - Black, 40;FR-M21B-40;True;True;Black;500;375;136,785;302,2459;40;CM ;LB ;2,8799999999999999;2;M ;L ;U ;12;8;2013-05-30 00:00:00;;;2014-02-08 10:01:36.827000000
944;LL Mountain Frame - Silver, 40;FR-M21S-40;True;True;Silver;500;375;144,5938;319,5005;40;CM ;LB ;2,8799999999999999;2;M ;L ;U ;12;8;2013-05-30 00:00:00;;;2014-02-08 10:01:36.827000000
945;Front Derailleur;FD-2342;True;True;Not Have;500;375;40,6216;110,7029;N/A;CM ;LB ;8,8000000000000007;1;S ;M ;U ;9;103;2013-05-30 00:00:00;;;2014-02-08 10:01:36.827000000
946;LL Touring Handlebars;HB-T721;True;True;Not Have;500;375;20,464;55,7689;N/A;CM ;LB ;2,9325000000000001;1;T ;L ;U ;4;47;2013-05-30 00:00:00;;;2014-02-08 10:01:36.827000000
947;HL Touring Handlebars;HB-T928;True;True;Not Have;500;375;40,6571;110,7997;N/A;CM ;LB ;2,9325000000000001;1;T ;H ;U ;4;48;2013-05-30 00:00:00;;;2014-02-08 10:01:36.827000000
948;Front Brakes;FB-9873;False;True;Not Have;500;375;47,286;128,865;N/A;CM ;LB ;3,1699999999999999;1;S ;H ;U ;6;102;2013-05-30 00:00:00;;;2014-02-08 10:01:36.827000000
949;LL Crankset;CS-4759;True;True;Not Have;500;375;77,9176;212,3429;N/A;CM ;LB ;6;1;S ;L ;U ;8;99;2013-05-30 00:00:00;;;2014-02-08 10:01:36.827000000
950;ML Crankset;CS-6583;True;True;Not Have;500;375;113,8816;310,3529;N/A;CM ;LB ;6,3499999999999996;1;S ;M ;U ;8;100;2013-05-30 00:00:00;;;2014-02-08 10:01:36.827000000
951;HL Crankset;CS-9183;True;True;Not Have;500;375;179,8156;445,489;N/A;CM ;LB ;5,75;1;S ;H ;U ;8;101;2013-05-30 00:00:00;;;2014-02-08 10:01:36.827000000
952;Chain;CH-0234;False;True;Not Have;500;375;8,9866;24,4904;N/A;CM ;LB ;2,9325000000000001;1;S ;L ;U ;7;98;2013-05-30 00:00:00;;;2014-02-08 10:01:36.827000000
953;Touring-2000 Blue, 60;BK-T44U-60;True;True;Blue;100;75;755,1508;1214,85;60;CM ;LB ;27,899999999999999;4;T ;M ;U ;3;35;2013-05-30 00:00:00;;;2014-02-08 10:01:36.827000000
954;Touring-1000 Yellow, 46;BK-T79Y-46;True;True;Yellow;100;75;1481,9379;2384,07;46;CM ;LB ;25,129999999999999;4;T ;H ;U ;3;34;2013-05-30 00:00:00;;;2014-02-08 10:01:36.827000000
955;Touring-1000 Yellow, 50;BK-T79Y-50;True;True;Yellow;100;75;1481,9379;2384,07;50;CM ;LB ;25,420000000000002;4;T ;H ;U ;3;34;2013-05-30 00:00:00;;;2014-02-08 10:01:36.827000000
956;Touring-1000 Yellow, 54;BK-T79Y-54;True;True;Yellow;100;75;1481,9379;2384,07;54;CM ;LB ;25,68;4;T ;H ;U ;3;34;2013-05-30 00:00:00;;;2014-02-08 10:01:36.827000000
957;Touring-1000 Yellow, 60;BK-T79Y-60;True;True;Yellow;100;75;1481,9379;2384,07;60;CM ;LB ;25,899999999999999;4;T ;H ;U ;3;34;2013-05-30 00:00:00;;;2014-02-08 10:01:36.827000000
958;Touring-3000 Blue, 54;BK-T18U-54;True;True;Blue;100;75;461,4448;742,35;54;CM ;LB ;29,68;4;T ;L ;U ;3;36;2013-05-30 00:00:00;;;2014-02-08 10:01:36.827000000
959;Touring-3000 Blue, 58;BK-T18U-58;True;True;Blue;100;75;461,4448;742,35;58;CM ;LB ;29,899999999999999;4;T ;L ;U ;3;36;2013-05-30 00:00:00;;;2014-02-08 10:01:36.827000000
960;Touring-3000 Blue, 62;BK-T18U-62;True;True;Blue;100;75;461,4448;742,35;62;CM ;LB ;3;4;T ;L ;U ;3;36;2013-05-30 00:00:00;;;2014-02-08 10:01:36.827000000
961;Touring-3000 Yellow, 44;BK-T18Y-44;True;True;Yellow;100;75;461,4448;742,35;44;CM ;LB ;28,77;4;T ;L ;U ;3;36;2013-05-30 00:00:00;;;2014-02-08 10:01:36.827000000
962;Touring-3000 Yellow, 50;BK-T18Y-50;True;True;Yellow;100;75;461,4448;742,35;50;CM ;LB ;29,129999999999999;4;T ;L ;U ;3;36;2013-05-30 00:00:00;;;2014-02-08 10:01:36.827000000
963;Touring-3000 Yellow, 54;BK-T18Y-54;True;True;Yellow;100;75;461,4448;742,35;54;CM ;LB ;29,420000000000002;4;T ;L ;U ;3;36;2013-05-30 00:00:00;;;2014-02-08 10:01:36.827000000
964;Touring-3000 Yellow, 58;BK-T18Y-58;True;True;Yellow;100;75;461,4448;742,35;58;CM ;LB ;29,789999999999999;4;T ;L ;U ;3;36;2013-05-30 00:00:00;;;2014-02-08 10:01:36.827000000
965;Touring-3000 Yellow, 62;BK-T18Y-62;True;True;Yellow;100;75;461,4448;742,35;62;CM ;LB ;3;4;T ;L ;U ;3;36;2013-05-30 00:00:00;;;2014-02-08 10:01:36.827000000
966;Touring-1000 Blue, 46;BK-T79U-46;True;True;Blue;100;75;1481,9379;2384,07;46;CM ;LB ;25,129999999999999;4;T ;H ;U ;3;34;2013-05-30 00:00:00;;;2014-02-08 10:01:36.827000000
967;Touring-1000 Blue, 50;BK-T79U-50;True;True;Blue;100;75;1481,9379;2384,07;50;CM ;LB ;25,420000000000002;4;T ;H ;U ;3;34;2013-05-30 00:00:00;;;2014-02-08 10:01:36.827000000
968;Touring-1000 Blue, 54;BK-T79U-54;True;True;Blue;100;75;1481,9379;2384,07;54;CM ;LB ;25,68;4;T ;H ;U ;3;34;2013-05-30 00:00:00;;;2014-02-08 10:01:36.827000000
969;Touring-1000 Blue, 60;BK-T79U-60;True;True;Blue;100;75;1481,9379;2384,07;60;CM ;LB ;25,899999999999999;4;T ;H ;U ;3;34;2013-05-30 00:00:00;;;2014-02-08 10:01:36.827000000
970;Touring-2000 Blue, 46;BK-T44U-46;True;True;Blue;100;75;755,1508;1214,85;46;CM ;LB ;27,129999999999999;4;T ;M ;U ;3;35;2013-05-30 00:00:00;;;2014-02-08 10:01:36.827000000
971;Touring-2000 Blue, 50;BK-T44U-50;True;True;Blue;100;75;755,1508;1214,85;50;CM ;LB ;27,420000000000002;4;T ;M ;U ;3;35;2013-05-30 00:00:00;;;2014-02-08 10:01:36.827000000
972;Touring-2000 Blue, 54;BK-T44U-54;True;True;Blue;100;75;755,1508;1214,85;54;CM ;LB ;27,68;4;T ;M ;U ;3;35;2013-05-30 00:00:00;;;2014-02-08 10:01:36.827000000
973;Road-350-W Yellow, 40;BK-R79Y-40;True;True;Yellow;100;75;1082,51;1700,99;40;CM ;LB ;15,35;4;R ;M ;W ;2;27;2013-05-30 00:00:00;;;2014-02-08 10:01:36.827000000
974;Road-350-W Yellow, 42;BK-R79Y-42;True;True;Yellow;100;75;1082,51;1700,99;42;CM ;LB ;15,77;4;R ;M ;W ;2;27;2013-05-30 00:00:00;;;2014-02-08 10:01:36.827000000
975;Road-350-W Yellow, 44;BK-R79Y-44;True;True;Yellow;100;75;1082,51;1700,99;44;CM ;LB ;16,129999999999999;4;R ;M ;W ;2;27;2013-05-30 00:00:00;;;2014-02-08 10:01:36.827000000
976;Road-350-W Yellow, 48;BK-R79Y-48;True;True;Yellow;100;75;1082,51;1700,99;48;CM ;LB ;16,420000000000002;4;R ;M ;W ;2;27;2013-05-30 00:00:00;;;2014-02-08 10:01:36.827000000
977;Road-750 Black, 58;BK-R19B-58;True;True;Black;100;75;343,6496;539,99;58;CM ;LB ;20,789999999999999;4;R ;L ;U ;2;31;2013-05-30 00:00:00;;;2014-02-08 10:01:36.827000000
978;Touring-3000 Blue, 44;BK-T18U-44;True;True;Blue;100;75;461,4448;742,35;44;CM ;LB ;28,77;4;T ;L ;U ;3;36;2013-05-30 00:00:00;;;2014-02-08 10:01:36.827000000
979;Touring-3000 Blue, 50;BK-T18U-50;True;True;Blue;100;75;461,4448;742,35;50;CM ;LB ;29,129999999999999;4;T ;L ;U ;3;36;2013-05-30 00:00:00;;;2014-02-08 10:01:36.827000000
980;Mountain-400-W Silver, 38;BK-M38S-38;True;True;Silver;100;75;419,7784;769,49;38;CM ;LB ;26,350000000000001;4;M ;M ;W ;1;22;2013-05-30 00:00:00;;;2014-02-08 10:01:36.827000000
981;Mountain-400-W Silver, 40;BK-M38S-40;True;True;Silver;100;75;419,7784;769,49;40;CM ;LB ;26,77;4;M ;M ;W ;1;22;2013-05-30 00:00:00;;;2014-02-08 10:01:36.827000000
982;Mountain-400-W Silver, 42;BK-M38S-42;True;True;Silver;100;75;419,7784;769,49;42;CM ;LB ;27,129999999999999;4;M ;M ;W ;1;22;2013-05-30 00:00:00;;;2014-02-08 10:01:36.827000000
983;Mountain-400-W Silver, 46;BK-M38S-46;True;True;Silver;100;75;419,7784;769,49;46;CM ;LB ;27,420000000000002;4;M ;M ;W ;1;22;2013-05-30 00:00:00;;;2014-02-08 10:01:36.827000000
984;Mountain-500 Silver, 40;BK-M18S-40;True;True;Silver;100;75;308,2179;564,99;40;CM ;LB ;27,350000000000001;4;M ;L ;U ;1;23;2013-05-30 00:00:00;;;2014-02-08 10:01:36.827000000
985;Mountain-500 Silver, 42;BK-M18S-42;True;True;Silver;100;75;308,2179;564,99;42;CM ;LB ;27,77;4;M ;L ;U ;1;23;2013-05-30 00:00:00;;;2014-02-08 10:01:36.827000000
986;Mountain-500 Silver, 44;BK-M18S-44;True;True;Silver;100;75;308,2179;564,99;44;CM ;LB ;28,129999999999999;4;M ;L ;U ;1;23;2013-05-30 00:00:00;;;2014-02-08 10:01:36.827000000
987;Mountain-500 Silver, 48;BK-M18S-48;True;True;Silver;100;75;308,2179;564,99;48;CM ;LB ;28,420000000000002;4;M ;L ;U ;1;23;2013-05-30 00:00:00;;;2014-02-08 10:01:36.827000000
988;Mountain-500 Silver, 52;BK-M18S-52;True;True;Silver;100;75;308,2179;564,99;52;CM ;LB ;28,68;4;M ;L ;U ;1;23;2013-05-30 00:00:00;;;2014-02-08 10:01:36.827000000
989;Mountain-500 Black, 40;BK-M18B-40;True;True;Black;100;75;294,5797;539,99;40;CM ;LB ;27,350000000000001;4;M ;L ;U ;1;23;2013-05-30 00:00:00;;;2014-02-08 10:01:36.827000000
990;Mountain-500 Black, 42;BK-M18B-42;True;True;Black;100;75;294,5797;539,99;42;CM ;LB ;27,77;4;M ;L ;U ;1;23;2013-05-30 00:00:00;;;2014-02-08 10:01:36.827000000
991;Mountain-500 Black, 44;BK-M18B-44;True;True;Black;100;75;294,5797;539,99;44;CM ;LB ;28,129999999999999;4;M ;L ;U ;1;23;2013-05-30 00:00:00;;;2014-02-08 10:01:36.827000000
992;Mountain-500 Black, 48;BK-M18B-48;True;True;Black;100;75;294,5797;539,99;48;CM ;LB ;28,420000000000002;4;M ;L ;U ;1;23;2013-05-30 00:00:00;;;2014-02-08 10:01:36.827000000
993;Mountain-500 Black, 52;BK-M18B-52;True;True;Black;100;75;294,5797;539,99;52;CM ;LB ;28,68;4;M ;L ;U ;1;23;2013-05-30 00:00:00;;;2014-02-08 10:01:36.827000000
994;LL Bottom Bracket;BB-7421;True;True;Not Have;500;375;23,9716;65,3279;N/A;CM ;LB ;2,23;1;S ;L ;U ;5;95;2013-05-30 00:00:00;;;2014-02-08 10:01:36.827000000
995;ML Bottom Bracket;BB-8107;True;True;Not Have;500;375;44,9506;122,5004;N/A;CM ;LB ;1,6799999999999999;1;S ;M ;U ;5;96;2013-05-30 00:00:00;;;2014-02-08 10:01:36.827000000
996;HL Bottom Bracket;BB-9108;True;True;Not Have;500;375;53,9416;147,0029;N/A;CM ;LB ;1,7;1;S ;H ;U ;5;97;2013-05-30 00:00:00;;;2014-02-08 10:01:36.827000000
997;Road-750 Black, 44;BK-R19B-44;True;True;Black;100;75;343,6496;539,99;44;CM ;LB ;19,77;4;R ;L ;U ;2;31;2013-05-30 00:00:00;;;2014-02-08 10:01:36.827000000
998;Road-750 Black, 48;BK-R19B-48;True;True;Black;100;75;343,6496;539,99;48;CM ;LB ;20,129999999999999;4;R ;L ;U ;2;31;2013-05-30 00:00:00;;;2014-02-08 10:01:36.827000000
999;Road-750 Black, 52;BK-R19B-52;True;True;Black;100;75;343,6496;539,99;52;CM ;LB ;20,420000000000002;4;R ;L ;U ;2;31;2013-05-30 00:00:00;;;2014-02-08 10:01:36.827000000
